CoverNumber,Title,Description
1,1. Oktober 1926,In den Goldenen 1920er-Jahren startet die Vorgängerzeitschrift der WirtschaftsWoche in Berlin. Gründer <a href="https://www.wiwo.de">Gustav Stolper</a> schafft ein Magazin, das wirtschafts- und finanzpolitische Debatten prägt.
2,Magazine Issue #2,Description for issue #2
3,Magazine Issue #3,Description for issue #3
4,Magazine Issue #4,Description for issue #4
5,Magazine Issue #5,Description for issue #5
6,Magazine Issue #6,Description for issue #6
7,Magazine Issue #7,Description for issue #7
8,Magazine Issue #8,Description for issue #8
9,Magazine Issue #9,Description for issue #9
10,Magazine Issue #10,Description for issue #10
11,Magazine Issue #11,Description for issue #11
12,Magazine Issue #12,Description for issue #12
13,Magazine Issue #13,Description for issue #13
14,Magazine Issue #14,Description for issue #14
15,Magazine Issue #15,Description for issue #15
16,Magazine Issue #16,Description for issue #16
17,Magazine Issue #17,Description for issue #17
18,Magazine Issue #18,Description for issue #18
19,2. Oktober 1970, Die erste Ausgabe mit dem Titel „Wirtschaftswoche“. Damals noch ohne großes Binnen-W.
20,Magazine Issue #20,Description for issue #20
21,Magazine Issue #21,Description for issue #21
22,Magazine Issue #22,Description for issue #22
23,Magazine Issue #23,Description for issue #23
24,Magazine Issue #24,Description for issue #24
25,Magazine Issue #25,Description for issue #25
26,Magazine Issue #26,Description for issue #26
27,Magazine Issue #27,Description for issue #27
28,Magazine Issue #28,Description for issue #28
29,Magazine Issue #29,Description for issue #29
30,Magazine Issue #30,Description for issue #30
31,Magazine Issue #31,Description for issue #31
32,Magazine Issue #32,Description for issue #32
33,Magazine Issue #33,Description for issue #33
34,Magazine Issue #34,Description for issue #34
35,Magazine Issue #35,Description for issue #35
36,Magazine Issue #36,Description for issue #36
37,Magazine Issue #37,Description for issue #37
38,Magazine Issue #38,Description for issue #38
39,Magazine Issue #39,Description for issue #39
40,Magazine Issue #40,Description for issue #40
41,Magazine Issue #41,Description for issue #41
42,Magazine Issue #42,Description for issue #42
43,Magazine Issue #43,Description for issue #43
44,Magazine Issue #44,Description for issue #44
45,Magazine Issue #45,Description for issue #45
46,Magazine Issue #46,Description for issue #46
47,Magazine Issue #47,Description for issue #47
48,Magazine Issue #48,Description for issue #48
49,Magazine Issue #49,Description for issue #49
50,Magazine Issue #50,Description for issue #50
51,Magazine Issue #51,Description for issue #51
52,Magazine Issue #52,Description for issue #52
53,Magazine Issue #53,Description for issue #53
54,Magazine Issue #54,Description for issue #54
55,Magazine Issue #55,Description for issue #55
56,Magazine Issue #56,Description for issue #56
57,Magazine Issue #57,Description for issue #57
58,Magazine Issue #58,Description for issue #58
59,Magazine Issue #59,Description for issue #59
60,Magazine Issue #60,Description for issue #60
61,Magazine Issue #61,Description for issue #61
62,Magazine Issue #62,Description for issue #62
63,Magazine Issue #63,Description for issue #63
64,Magazine Issue #64,Description for issue #64
65,Magazine Issue #65,Description for issue #65
66,Magazine Issue #66,Description for issue #66
67,Magazine Issue #67,Description for issue #67
68,Magazine Issue #68,Description for issue #68
69,Magazine Issue #69,Description for issue #69
70,Magazine Issue #70,Description for issue #70
71,Magazine Issue #71,Description for issue #71
72,Magazine Issue #72,Description for issue #72
73,Magazine Issue #73,Description for issue #73
74,Magazine Issue #74,Description for issue #74
75,Magazine Issue #75,Description for issue #75
76,Magazine Issue #76,Description for issue #76
77,Magazine Issue #77,Description for issue #77
78,Magazine Issue #78,Description for issue #78
79,Magazine Issue #79,Description for issue #79
80,Magazine Issue #80,Description for issue #80
81,Magazine Issue #81,Description for issue #81
82,Magazine Issue #82,Description for issue #82
83,Magazine Issue #83,Description for issue #83
84,Magazine Issue #84,Description for issue #84
85,Magazine Issue #85,Description for issue #85
86,Magazine Issue #86,Description for issue #86
87,Magazine Issue #87,Description for issue #87
88,Magazine Issue #88,Description for issue #88
89,Magazine Issue #89,Description for issue #89
90,Magazine Issue #90,Description for issue #90
91,Magazine Issue #91,Description for issue #91
92,Magazine Issue #92,Description for issue #92
93,Magazine Issue #93,Description for issue #93
94,Magazine Issue #94,Description for issue #94
95,Magazine Issue #95,Description for issue #95
96,Magazine Issue #96,Description for issue #96
97,Magazine Issue #97,Description for issue #97
98,Magazine Issue #98,Description for issue #98
99,Magazine Issue #99,Description for issue #99
100,Magazine Issue #100,Description for issue #100

